{"fmus":{
	"{Outputs}":"file:///home/evaluate/OutputPruebaParticulas.fmu",
	"{ModeloParticulas}":"file:///home/evaluate/ModelPruebaParticulas.fmu",
	"{Mixer1}":"file:///home/evaluate/Mixer.fmu"
	},
	"connections":{
		"{Outputs}.oi.MassWood":["{ModeloParticulas}.mi.m_dot_wood_value"],
		"{Outputs}.oi.VFair":["{ModeloParticulas}.mi.IntensityFan"],
		"{Outputs}.oi.VFFeed":["{ModeloParticulas}.mi.VFFeed1"],
		"{Outputs}.oi.VFRotaryDryer":["{ModeloParticulas}.mi.VFRotaryDryer1"],
		"{Mixer1}.mix.T_3":["{ModeloParticulas}.mi.T_g_in"],
		"{Outputs}.oi.TemperatureWood":["{ModeloParticulas}.mi.TemperatureWood1"],
		"{Mixer1}.mix.m_flow_3":["{ModeloParticulas}.mi.mdot_g"],
		"{Outputs}.oi.MassFlueGas":["{Mixer1}.mix.m_flow_FG"],
		"{Outputs}.oi.TemperatureFlueGas":["{Mixer1}.mix.T_FG"],
		"{ModeloParticulas}.mi.relative_humidity":["{Mixer1}.mix.relative_humidity"],
		"{Outputs}.oi.MassAir":["{Mixer1}.mix.m_flow_2"],
		"{Outputs}.oi.TemperatureAir":["{Mixer1}.mix.T_2"],
		"{Outputs}.oi.MassRecirculation":["{Mixer1}.mix.m_flow_1"],
		"{Outputs}.oi.TemperatureRecirculation":["{Mixer1}.mix.T_1"],
		"{ModeloParticulas}.mi.c0_O2":["{Mixer1}.mix.O2_3"],
		"{ModeloParticulas}.mi.c0_SO2":["{Mixer1}.mix.SO2_3"],
		"{ModeloParticulas}.mi.c0_CO2":["{Mixer1}.mix.CO2_3"],
		"{ModeloParticulas}.mi.c0_N2":["{Mixer1}.mix.N2_3"],
		"{ModeloParticulas}.mi.c0_H2O":["{Mixer1}.mix.H2O_3"]
			},
		
	"parameters":{
	},
		"liveGraphColumns":0,
		"liveGraphVisibleRowCount":0,
		"logVariables":{
			"{ModeloParticulas}.mi":["EvapRate","MGas","MWood","RHinWood","RHoutWood","TinGas","ToutGas","XinH2O","XoutH2O","Tp_1_in","Tp_2_in","Tp_3_in","Tp_1_out","Tp_2_out","Tp_3_out",
						"enthalpy_bal","mass_bal","part_bal","water_bal","VGas","VWood","relMaxPartBal","EvapRateRatio","y_O2_salida","y_N2_salida","y_CO2_salida","y_SO2_salida","y_H2O_salida",
						"c0_O2","c0_N2","c0_H2O","c0_CO2","c0_SO2"],
			 "{Mixer1}.mix":["T_3","m_flow_3","O2_FG","CO2_FG","N2_FG","SO2_FG","H2O_FG"]
				},
	"algorithm":{
			"type":"fixed-step",
			"size":0.5
	},
		"parallelSimulation":false,
		"stabalizationEnabled":false,
		"global_absolute_tolerance":0.1,
		"global_relative_tolerance":0.01,
		"simulationProgramDelay":false
}
